participant_id,condition,vigilance_pressed,vigilance_correct,encoding_duration,vigilance_accuracy,passed_vigilance
sub169_NB,NB,0.0,1.0,,1.0,True
sub109_AB,AB,0.0,1.0,,1.0,True
sub77_NB,NB,0.0,1.0,,1.0,True
sub180_NB,NB,0.0,1.0,,1.0,True
sub137_AB,AB,0.0,1.0,,1.0,True
sub157_AB,AB,0.0,1.0,,1.0,True
sub53_NB,NB,0.0,1.0,,1.0,True
sub74_NB,NB,0.0,1.0,,1.0,True
sub47_NB,NB,0.0,1.0,,1.0,True
sub133_AB ,AB ,1.0,1.0,,1.0,True
sub25_AB,AB,0.0,1.0,,1.0,True
sub144_AB,AB,1.0,1.0,,1.0,True
sub50_NB,NB,0.0,1.0,,1.0,True
sub85_NB,NB,0.0,1.0,,1.0,True
sub33_AB,AB,0.0,1.0,,1.0,True
sub127_AB,AB,0.0,1.0,,1.0,True
sub87_NB,NB,0.0,1.0,,1.0,True
sub147_AB,AB,0.0,1.0,,1.0,True
sub121_AB,AB,0.0,1.0,,1.0,True
sub94_AB,AB,1.0,1.0,,1.0,True
sub173_NB,NB,0.0,1.0,,1.0,True
sub124_AB,AB,0.0,1.0,,1.0,True
sub78_NB,NB,0.0,1.0,,1.0,True
sub70_NB,NB,0.0,0.0,,0.0,False
sub89_AB,AB,0.0,1.0,,1.0,True
sub108_AB,AB,0.0,1.0,,1.0,True
sub168_NB,NB,0.0,1.0,,1.0,True
sub84_NB,NB,0.0,1.0,,1.0,True
sub104_AB,AB,0.0,1.0,,1.0,True
sub68_NB,NB,0.0,1.0,,1.0,True
sub102_AB,AB,1.0,1.0,,1.0,True
sub96_AB,AB,1.0,1.0,,1.0,True
sub93_AB,AB,0.0,1.0,,1.0,True
sub151_NB,NB,1.0,1.0,,1.0,True
sub132_AB,AB,1.0,1.0,,1.0,True
sub165_NB,NB,0.0,1.0,,1.0,True
sub105_AB,AB,0.0,0.0,,0.0,False
sub123_AB,AB,0.0,1.0,,1.0,True
sub171_NB,NB,0.0,1.0,,1.0,True
sub54_NB,NB,0.0,1.0,,1.0,True
sub48_NB,NB,0.0,1.0,,1.0,True
sub51_NB,NB,1.0,1.0,,1.0,True
sub149_AB,AB,0.0,1.0,,1.0,True
sub152_NB,NB,0.0,1.0,,1.0,True
sub167_NB,NB,1.0,1.0,,1.0,True
sub106_AB,AB,0.0,1.0,,1.0,True
sub99_AB,AB,0.0,1.0,,1.0,True
sub118_AB,AB,0.0,1.0,,1.0,True
sub135_AB,AB,0.0,1.0,,1.0,True
sub140_AB,AB,0.0,1.0,,1.0,True
sub179_NB,NB,1.0,1.0,,1.0,True
Sub43_NB,NB,0.0,1.0,,1.0,True
sub91_AB,AB,1.0,1.0,,1.0,True
sub117_AB,AB,1.0,1.0,,1.0,True
sub28_AB,AB,0.0,1.0,,1.0,True
sub29_AB,AB,0.0,1.0,,1.0,True
sub134_AB,AB,0.0,1.0,,1.0,True
sub110_AB,AB,0.0,1.0,,1.0,True
sub32_AB,AB,0.0,1.0,,1.0,True
sub148_AB,AB,0.0,1.0,,1.0,True
sub71_NB,NB,0.0,1.0,,1.0,True
sub97_AB,AB,0.0,1.0,,1.0,True
sub184_NB,NB,0.0,1.0,,1.0,True
sub162_NB,NB,0.0,1.0,,1.0,True
sub40_AB,AB,0.0,1.0,,1.0,True
sub45_NB,NB,0.0,1.0,,1.0,True
sub146_AB,AB,1.0,1.0,,1.0,True
sub178_NB,NB,0.0,1.0,,1.0,True
sub159_NB,NB,0.0,1.0,,1.0,True
sub38_AB,AB,0.0,1.0,,1.0,True
sub76_NB,NB,0.0,1.0,,1.0,True
sub82_NB,NB,0.0,1.0,,1.0,True
sub61_NB,NB,1.0,1.0,,1.0,True
sub185_NB,NB,0.0,1.0,,1.0,True
sub128_AB,AB,0.0,1.0,,1.0,True
sub55_NB,NB,0.0,1.0,,1.0,True
sub177_NB,NB,1.0,1.0,,1.0,True
sub175_NB,NB,0.0,1.0,,1.0,True
sub80_NB,NB,0.0,1.0,,1.0,True
sub150_NB,NB,0.0,1.0,,1.0,True
sub183_NB,NB,0.0,1.0,,1.0,True
sub164_NB,NB,0.0,1.0,,1.0,True
sub83_NB,NB,0.0,1.0,,1.0,True
sub67_NB,NB,0.0,1.0,,1.0,True
sub57_NB,NB,1.0,1.0,,1.0,True
sub35_AB,AB,0.0,1.0,,1.0,True
sub27_AB,AB,0.0,1.0,,1.0,True
sub139_AB,AB,0.0,1.0,,1.0,True
sub181_NB,NB,1.0,1.0,,1.0,True
sub111_AB,AB,0.0,1.0,,1.0,True
sub46_NB,NB,0.0,1.0,,1.0,True
sub90_AB,AB,0.0,1.0,,1.0,True
sub138_AB,AB,0.0,1.0,,1.0,True
sub116_AB,AB,1.0,1.0,,1.0,True
sub36_AB,AB,1.0,1.0,,1.0,True
sub62_NB,NB,1.0,1.0,,1.0,True
sub158_NB,NB,0.0,1.0,,1.0,True
sub160_NB,NB,0.0,1.0,,1.0,True
sub170_NB,NB,0.0,1.0,,1.0,True
sub30_AB,AB,0.0,1.0,,1.0,True
sub114_AB,AB,0.0,1.0,,1.0,True
sub182_NB,NB,0.0,1.0,,1.0,True
sub126_AB,AB,0.0,1.0,,1.0,True
sub66_NB,NB,0.0,1.0,,1.0,True
sub112_AB,AB,1.0,1.0,,1.0,True
sub75_NB,NB,0.0,1.0,,1.0,True
sub23_AB,AB,0.0,1.0,,1.0,True
sub98_AB,AB,0.0,1.0,,1.0,True
sub143_AB,AB,0.0,1.0,,1.0,True
sub166_NB,NB,1.0,1.0,,1.0,True
sub122_AB,AB,0.0,1.0,,1.0,True
sub156_NB,NB,0.0,1.0,,1.0,True
sub60_NB,NB,1.0,1.0,,1.0,True
sub115_AB,AB,0.0,1.0,,1.0,True
sub153_NB,NB,0.0,1.0,,1.0,True
sub69_NB,NB,0.0,1.0,,1.0,True
sub107_AB,AB,0.0,1.0,,1.0,True
sub59_NB,NB,0.0,1.0,,1.0,True
sub92_AB,AB,0.0,1.0,,1.0,True
sub142_AB,AB,0.0,1.0,,1.0,True
sub161_NB,NB,0.0,1.0,,1.0,True
sub73_NB,NB,0.0,1.0,,1.0,True
sub131_AB,AB,0.0,1.0,,1.0,True
sub44_NB,NB,0.0,1.0,,1.0,True
sub81_NB,NB,1.0,1.0,,1.0,True
sub163_NB,NB,0.0,1.0,,1.0,True
sub103_AB,AB,0.0,1.0,,1.0,True
sub31_AB,AB,0.0,1.0,,1.0,True
sub88_AB,AB,0.0,1.0,,1.0,True
sub37_AB,AB,0.0,1.0,,1.0,True
sub95_AB,AB,0.0,1.0,,1.0,True
sub136_AB,AB,1.0,1.0,,1.0,True
sub72_NB,NB,0.0,1.0,,1.0,True
sub125_AB,AB,1.0,1.0,,1.0,True
sub120_AB,AB,1.0,1.0,,1.0,True
sub52_NB,NB,0.0,1.0,,1.0,True
sub86_NB,NB,1.0,1.0,,1.0,True
sub172_NB,NB,0.0,1.0,,1.0,True
sub34_AB,AB,0.0,1.0,,1.0,True
sub26_AB,AB,0.0,1.0,,1.0,True
sub56_NB,NB,0.0,1.0,,1.0,True
sub79_NB,NB,0.0,1.0,,1.0,True
sub176_NB,NB,0.0,1.0,,1.0,True
sub174_NB,NB,0.0,1.0,,1.0,True
sub113_AB,AB,1.0,1.0,,1.0,True
sub119_AB,AB,0.0,1.0,,1.0,True
sub39_AB,AB,0.0,1.0,,1.0,True
sub100_AB,AB,0.0,1.0,,1.0,True
sub49_NB,NB,1.0,1.0,,1.0,True
sub129_AB,AB,1.0,1.0,,1.0,True
sub145_AB,AB,0.0,1.0,,1.0,True
sub101_AB,AB,0.0,1.0,,1.0,True
sub130_AB,AB,0.0,1.0,,1.0,True
sub141_AB,AB,0.0,1.0,,1.0,True
sub154_NB,NB,0.0,1.0,,1.0,True
Sub41_AB,AB,0.0,1.0,,1.0,True
sub65_NB,NB,0.0,1.0,,1.0,True
sub63_NB,NB,0.0,1.0,,1.0,True
sub64_NB,NB,0.0,1.0,,1.0,True
sub155_NB,NB,0.0,1.0,,1.0,True
sub58_NB,NB,1.0,1.0,,1.0,True
