participant_id,condition,target_type,n_correct,n_trials,age,gender,n_incorrect
sub100_AB,AB,BB,18,18,21.0,Male,0
sub100_AB,AB,EM,17,17,21.0,Male,0
sub101_AB,AB,BB,11,18,22.0,Female,7
sub101_AB,AB,EM,17,17,22.0,Female,0
sub102_AB,AB,BB,14,18,23.0,Male,4
sub102_AB,AB,EM,16,17,23.0,Male,1
sub103_AB,AB,BB,15,18,21.0,Male,3
sub103_AB,AB,EM,14,17,21.0,Male,3
sub104_AB,AB,BB,15,18,23.0,Male,3
sub104_AB,AB,EM,13,17,23.0,Male,4
sub106_AB,AB,BB,12,18,23.0,Male,6
sub106_AB,AB,EM,13,17,23.0,Male,4
sub107_AB,AB,BB,16,18,19.0,Female,2
sub107_AB,AB,EM,17,17,19.0,Female,0
sub108_AB,AB,BB,13,18,20.0,Female,5
sub108_AB,AB,EM,13,17,20.0,Female,4
sub109_AB,AB,BB,14,18,22.0,Male,4
sub109_AB,AB,EM,15,17,22.0,Male,2
sub110_AB,AB,BB,16,18,25.0,Male,2
sub110_AB,AB,EM,12,17,25.0,Male,5
sub111_AB,AB,BB,14,18,23.0,Male,4
sub111_AB,AB,EM,16,17,23.0,Male,1
sub112_AB,AB,BB,13,18,22.0,Male,5
sub112_AB,AB,EM,14,17,22.0,Male,3
sub113_AB,AB,BB,14,18,25.0,Male,4
sub113_AB,AB,EM,17,17,25.0,Male,0
sub114_AB,AB,BB,15,18,20.0,Female,3
sub114_AB,AB,EM,14,17,20.0,Female,3
sub115_AB,AB,BB,15,18,20.0,Male,3
sub115_AB,AB,EM,16,17,20.0,Male,1
sub116_AB,AB,BB,15,18,20.0,Male,3
sub116_AB,AB,EM,16,17,20.0,Male,1
sub117_AB,AB,BB,12,18,22.0,Male,6
sub117_AB,AB,EM,12,17,22.0,Male,5
sub118_AB,AB,BB,18,18,23.0,Male,0
sub118_AB,AB,EM,16,17,23.0,Male,1
sub119_AB,AB,BB,16,18,23.0,Male,2
sub119_AB,AB,EM,16,17,23.0,Male,1
sub120_AB,AB,BB,14,18,21.0,Male,4
sub120_AB,AB,EM,17,17,21.0,Male,0
sub121_AB,AB,BB,16,18,22.0,Female,2
sub121_AB,AB,EM,16,17,22.0,Female,1
sub122_AB,AB,BB,14,18,24.0,Male,4
sub122_AB,AB,EM,14,17,24.0,Male,3
sub123_AB,AB,BB,16,18,19.0,Male,2
sub123_AB,AB,EM,15,17,19.0,Male,2
sub124_AB,AB,BB,15,18,21.0,Female,3
sub124_AB,AB,EM,16,17,21.0,Female,1
sub125_AB,AB,BB,13,18,22.0,Female,5
sub125_AB,AB,EM,16,17,22.0,Female,1
sub126_AB,AB,BB,13,18,23.0,Male,5
sub126_AB,AB,EM,14,17,23.0,Male,3
sub127_AB,AB,BB,16,18,20.0,Female,2
sub127_AB,AB,EM,16,17,20.0,Female,1
sub128_AB,AB,BB,12,18,25.0,Male,6
sub128_AB,AB,EM,13,17,25.0,Male,4
sub129_AB,AB,BB,15,18,22.0,Male,3
sub129_AB,AB,EM,13,17,22.0,Male,4
sub130_AB,AB,BB,15,18,24.0,Male,3
sub130_AB,AB,EM,15,17,24.0,Male,2
sub131_AB,AB,BB,16,18,21.0,Male,2
sub131_AB,AB,EM,17,17,21.0,Male,0
sub132_AB,AB,BB,7,18,20.0,Male,11
sub132_AB,AB,EM,14,17,20.0,Male,3
sub133_AB,AB,BB,17,18,23.0,Female,1
sub133_AB,AB,EM,14,17,23.0,Female,3
sub134_AB,AB,BB,15,18,20.0,Male,3
sub134_AB,AB,EM,13,17,20.0,Male,4
sub135_AB,AB,BB,13,18,23.0,Male,5
sub135_AB,AB,EM,12,17,23.0,Male,5
sub136_AB,AB,BB,17,18,24.0,Male,1
sub136_AB,AB,EM,14,17,24.0,Male,3
sub137_AB,AB,BB,16,18,22.0,Male,2
sub137_AB,AB,EM,14,17,22.0,Male,3
sub138_AB,AB,BB,10,18,26.0,Male,8
sub138_AB,AB,EM,14,17,26.0,Male,3
sub139_AB,AB,BB,16,18,21.0,Male,2
sub139_AB,AB,EM,17,17,21.0,Male,0
sub140_AB,AB,BB,13,18,23.0,Male,5
sub140_AB,AB,EM,14,17,23.0,Male,3
sub141_AB,AB,BB,14,18,22.0,Male,4
sub141_AB,AB,EM,15,17,22.0,Male,2
sub142_AB,AB,BB,11,18,20.0,Male,7
sub142_AB,AB,EM,9,17,20.0,Male,8
sub143_AB,AB,BB,12,18,24.0,Male,6
sub143_AB,AB,EM,14,17,24.0,Male,3
sub144_AB,AB,BB,17,18,20.0,Male,1
sub144_AB,AB,EM,15,17,20.0,Male,2
sub145_AB,AB,BB,13,18,24.0,Male,5
sub145_AB,AB,EM,13,17,24.0,Male,4
sub146_AB,AB,BB,14,18,22.0,Male,4
sub146_AB,AB,EM,12,17,22.0,Male,5
sub147_AB,AB,BB,14,18,22.0,Female,4
sub147_AB,AB,EM,14,17,22.0,Female,3
sub148_AB,AB,BB,13,18,23.0,Female,5
sub148_AB,AB,EM,12,17,23.0,Female,5
sub149_AB,AB,BB,12,18,23.0,Male,6
sub149_AB,AB,EM,14,17,23.0,Male,3
sub14_NB,NB,BB,16,18,21.0,Female,2
sub14_NB,NB,EM,12,17,21.0,Female,5
sub150_NB,NB,BB,13,18,27.0,Male,5
sub150_NB,NB,EM,16,17,27.0,Male,1
sub151_NB,NB,BB,16,18,25.0,Male,2
sub151_NB,NB,EM,15,17,25.0,Male,2
sub152_NB,NB,BB,14,18,19.0,Male,4
sub152_NB,NB,EM,13,17,19.0,Male,4
sub153_NB,NB,BB,12,18,20.0,Female,6
sub153_NB,NB,EM,13,17,20.0,Female,4
sub154_NB,NB,BB,17,18,20.0,Female,1
sub154_NB,NB,EM,16,17,20.0,Female,1
sub155_NB,NB,BB,17,18,21.0,Male,1
sub155_NB,NB,EM,13,17,21.0,Male,4
sub156_NB,NB,BB,17,18,21.0,Male,1
sub156_NB,NB,EM,16,17,21.0,Male,1
sub157_AB,AB,BB,14,18,22.0,Male,4
sub157_AB,AB,EM,16,17,22.0,Male,1
sub158_NB,NB,BB,15,18,24.0,Male,3
sub158_NB,NB,EM,13,17,24.0,Male,4
sub159_NB,NB,BB,14,18,27.0,Male,4
sub159_NB,NB,EM,14,17,27.0,Male,3
sub15_NB,NB,BB,13,18,24.0,Male,5
sub15_NB,NB,EM,14,17,24.0,Male,3
sub160_NB,NB,BB,11,18,22.0,Male,7
sub160_NB,NB,EM,16,17,22.0,Male,1
sub161_NB,NB,BB,17,18,22.0,Male,1
sub161_NB,NB,EM,15,17,22.0,Male,2
sub162_NB,NB,BB,14,18,23.0,Male,4
sub162_NB,NB,EM,15,17,23.0,Male,2
sub163_NB,NB,BB,17,18,20.0,Male,1
sub163_NB,NB,EM,16,17,20.0,Male,1
sub164_NB,NB,BB,16,18,25.0,Male,2
sub164_NB,NB,EM,13,17,25.0,Male,4
sub165_NB,NB,BB,15,18,22.0,Male,3
sub165_NB,NB,EM,16,17,22.0,Male,1
sub166_NB,NB,BB,17,18,23.0,Male,1
sub166_NB,NB,EM,16,17,23.0,Male,1
sub167_NB,NB,BB,18,18,21.0,Male,0
sub167_NB,NB,EM,15,17,21.0,Male,2
sub168_NB,NB,BB,17,18,25.0,Male,1
sub168_NB,NB,EM,17,17,25.0,Male,0
sub169_NB,NB,BB,15,18,21.0,Male,3
sub169_NB,NB,EM,15,17,21.0,Male,2
sub16_NB,NB,BB,13,18,21.0,Female,5
sub16_NB,NB,EM,11,17,21.0,Female,6
sub170_NB,NB,BB,16,18,22.0,Male,2
sub170_NB,NB,EM,16,17,22.0,Male,1
sub171_NB,NB,BB,12,18,23.0,Male,6
sub171_NB,NB,EM,14,17,23.0,Male,3
sub172_NB,NB,BB,14,18,25.0,Male,4
sub172_NB,NB,EM,17,17,25.0,Male,0
sub173_NB,NB,BB,13,18,20.0,Male,5
sub173_NB,NB,EM,14,17,20.0,Male,3
sub174_NB,NB,BB,17,18,22.0,Male,1
sub174_NB,NB,EM,17,17,22.0,Male,0
sub175_NB,NB,BB,17,18,22.0,Male,1
sub175_NB,NB,EM,14,17,22.0,Male,3
sub176_NB,NB,BB,10,18,22.0,Male,8
sub176_NB,NB,EM,12,17,22.0,Male,5
sub177_NB,NB,BB,17,18,26.0,Male,1
sub177_NB,NB,EM,16,17,26.0,Male,1
sub178_NB,NB,BB,14,18,22.0,Male,4
sub178_NB,NB,EM,15,17,22.0,Male,2
sub179_NB,NB,BB,15,18,23.0,Female,3
sub179_NB,NB,EM,15,17,23.0,Female,2
sub17_NB,NB,BB,17,18,22.0,Male,1
sub17_NB,NB,EM,17,17,22.0,Male,0
sub180_NB,NB,BB,16,18,20.0,Male,2
sub180_NB,NB,EM,16,17,20.0,Male,1
sub181_NB,NB,BB,16,18,22.0,Male,2
sub181_NB,NB,EM,16,17,22.0,Male,1
sub182_NB,NB,BB,14,18,20.0,Male,4
sub182_NB,NB,EM,15,17,20.0,Male,2
sub183_NB,NB,BB,15,18,20.0,Male,3
sub183_NB,NB,EM,16,17,20.0,Male,1
sub184_NB,NB,BB,14,18,26.0,Male,4
sub184_NB,NB,EM,13,17,26.0,Male,4
sub185_NB,NB,BB,16,18,21.0,Male,2
sub185_NB,NB,EM,15,17,21.0,Male,2
sub18_NB,NB,BB,16,18,20.0,Female,2
sub18_NB,NB,EM,17,17,20.0,Female,0
sub19_NB,NB,BB,18,18,22.0,Male,0
sub19_NB,NB,EM,14,17,22.0,Male,3
sub21_NB,NB,BB,16,18,22.0,Male,2
sub21_NB,NB,EM,14,17,22.0,Male,3
sub22_NB,NB,BB,17,18,25.0,Female,1
sub22_NB,NB,EM,16,17,25.0,Female,1
sub23_AB,AB,BB,12,18,21.0,Female,6
sub23_AB,AB,EM,16,17,21.0,Female,1
sub24_NB,NB,BB,15,18,22.0,Male,3
sub24_NB,NB,EM,16,17,22.0,Male,1
sub25_AB,AB,BB,16,18,20.0,Male,2
sub25_AB,AB,EM,15,17,20.0,Male,2
sub26_AB,AB,BB,16,18,23.0,Female,2
sub26_AB,AB,EM,16,17,23.0,Female,1
sub27_AB,AB,BB,16,18,21.0,Female,2
sub27_AB,AB,EM,16,17,21.0,Female,1
sub28_AB,AB,BB,17,18,20.0,Female,1
sub28_AB,AB,EM,16,17,20.0,Female,1
sub29_AB,AB,BB,13,18,22.0,Male,5
sub29_AB,AB,EM,16,17,22.0,Male,1
sub30_AB,AB,BB,13,18,20.0,Male,5
sub30_AB,AB,EM,14,17,20.0,Male,3
sub31_AB,AB,BB,15,18,24.0,Male,3
sub31_AB,AB,EM,15,17,24.0,Male,2
sub32_AB,AB,BB,17,18,19.0,Female,1
sub32_AB,AB,EM,15,17,19.0,Female,2
sub33_AB,AB,BB,15,18,23.0,Male,3
sub33_AB,AB,EM,14,17,23.0,Male,3
sub34_AB,AB,BB,16,18,22.0,Female,2
sub34_AB,AB,EM,13,17,22.0,Female,4
sub35_AB,AB,BB,16,18,26.0,Male,2
sub35_AB,AB,EM,15,17,26.0,Male,2
sub36_AB,AB,BB,16,18,23.0,Male,2
sub36_AB,AB,EM,15,17,23.0,Male,2
sub37_AB,AB,BB,16,18,21.0,Female,2
sub37_AB,AB,EM,13,17,21.0,Female,4
sub38_AB,AB,BB,14,18,20.0,Female,4
sub38_AB,AB,EM,15,17,20.0,Female,2
sub39_AB,AB,BB,15,18,22.0,Male,3
sub39_AB,AB,EM,16,17,22.0,Male,1
sub40_AB,AB,BB,14,18,25.0,Male,4
sub40_AB,AB,EM,13,17,25.0,Male,4
sub41_AB,AB,BB,14,18,22.0,Male,4
sub41_AB,AB,EM,15,17,22.0,Male,2
sub43_NB,NB,BB,18,18,22.0,Male,0
sub43_NB,NB,EM,15,17,22.0,Male,2
sub44_NB,NB,BB,16,18,20.0,Male,2
sub44_NB,NB,EM,15,17,20.0,Male,2
sub45_NB,NB,BB,18,18,19.0,Male,0
sub45_NB,NB,EM,17,17,19.0,Male,0
sub46_NB,NB,BB,17,18,20.0,Female,1
sub46_NB,NB,EM,17,17,20.0,Female,0
sub47_NB,NB,BB,14,18,21.0,Male,4
sub47_NB,NB,EM,14,17,21.0,Male,3
sub48_NB,NB,BB,15,18,20.0,Female,3
sub48_NB,NB,EM,15,17,20.0,Female,2
sub49_NB,NB,BB,16,18,22.0,Male,2
sub49_NB,NB,EM,16,17,22.0,Male,1
sub50_NB,NB,BB,18,18,20.0,Male,0
sub50_NB,NB,EM,12,17,20.0,Male,5
sub51_NB,NB,BB,16,18,20.0,Female,2
sub51_NB,NB,EM,15,17,20.0,Female,2
sub52_NB,NB,BB,16,18,19.0,Female,2
sub52_NB,NB,EM,17,17,19.0,Female,0
sub53_NB,NB,BB,17,18,19.0,Female,1
sub53_NB,NB,EM,16,17,19.0,Female,1
sub54_NB,NB,BB,15,18,25.0,Male,3
sub54_NB,NB,EM,15,17,25.0,Male,2
sub55_NB,NB,BB,15,18,25.0,Female,3
sub55_NB,NB,EM,16,17,25.0,Female,1
sub56_NB,NB,BB,16,18,23.0,Male,2
sub56_NB,NB,EM,13,17,23.0,Male,4
sub57_NB,NB,BB,14,18,21.0,Female,4
sub57_NB,NB,EM,15,17,21.0,Female,2
sub58_NB,NB,BB,16,18,22.0,Male,2
sub58_NB,NB,EM,13,17,22.0,Male,4
sub59_NB,NB,BB,14,18,21.0,Male,4
sub59_NB,NB,EM,14,17,21.0,Male,3
sub60_NB,NB,BB,16,18,22.0,Female,2
sub60_NB,NB,EM,15,17,22.0,Female,2
sub61_NB,NB,BB,14,18,21.0,Male,4
sub61_NB,NB,EM,14,17,21.0,Male,3
sub62_NB,NB,BB,17,18,23.0,Female,1
sub62_NB,NB,EM,17,17,23.0,Female,0
sub63_NB,NB,BB,14,18,27.0,Male,4
sub63_NB,NB,EM,16,17,27.0,Male,1
sub64_NB,NB,BB,18,18,22.0,Male,0
sub64_NB,NB,EM,16,17,22.0,Male,1
sub65_NB,NB,BB,16,18,20.0,Male,2
sub65_NB,NB,EM,15,17,20.0,Male,2
sub66_NB,NB,BB,13,18,22.0,Male,5
sub66_NB,NB,EM,11,17,22.0,Male,6
sub67_NB,NB,BB,13,18,22.0,Male,5
sub67_NB,NB,EM,17,17,22.0,Male,0
sub68_NB,NB,BB,17,18,20.0,Male,1
sub68_NB,NB,EM,16,17,20.0,Male,1
sub69_NB,NB,BB,15,18,27.0,Male,3
sub69_NB,NB,EM,14,17,27.0,Male,3
sub71_NB,NB,BB,17,18,25.0,Female,1
sub71_NB,NB,EM,14,17,25.0,Female,3
sub72_NB,NB,BB,16,18,28.0,Male,2
sub72_NB,NB,EM,16,17,28.0,Male,1
sub73_NB,NB,BB,16,18,23.0,Male,2
sub73_NB,NB,EM,16,17,23.0,Male,1
sub74_NB,NB,BB,18,18,22.0,Male,0
sub74_NB,NB,EM,16,17,22.0,Male,1
sub75_NB,NB,BB,16,18,21.0,Male,2
sub75_NB,NB,EM,13,17,21.0,Male,4
sub76_NB,NB,BB,17,18,20.0,Female,1
sub76_NB,NB,EM,14,17,20.0,Female,3
sub77_NB,NB,BB,11,18,23.0,Male,7
sub77_NB,NB,EM,14,17,23.0,Male,3
sub78_NB,NB,BB,17,18,20.0,Female,1
sub78_NB,NB,EM,16,17,20.0,Female,1
sub79_NB,NB,BB,12,18,23.0,Male,6
sub79_NB,NB,EM,15,17,23.0,Male,2
sub80_NB,NB,BB,16,18,22.0,Male,2
sub80_NB,NB,EM,15,17,22.0,Male,2
sub81_NB,NB,BB,14,18,23.0,Male,4
sub81_NB,NB,EM,16,17,23.0,Male,1
sub82_NB,NB,BB,15,18,19.0,Male,3
sub82_NB,NB,EM,16,17,19.0,Male,1
sub83_NB,NB,BB,17,18,22.0,Female,1
sub83_NB,NB,EM,17,17,22.0,Female,0
sub84_NB,NB,BB,15,18,24.0,Male,3
sub84_NB,NB,EM,14,17,24.0,Male,3
sub85_NB,NB,BB,15,18,24.0,Female,3
sub85_NB,NB,EM,15,17,24.0,Female,2
sub86_NB,NB,BB,15,18,22.0,Male,3
sub86_NB,NB,EM,15,17,22.0,Male,2
sub87_NB,NB,BB,12,18,22.0,Male,6
sub87_NB,NB,EM,16,17,22.0,Male,1
sub88_AB,AB,BB,16,18,20.0,Male,2
sub88_AB,AB,EM,15,17,20.0,Male,2
sub89_AB,AB,BB,15,18,20.0,Female,3
sub89_AB,AB,EM,13,17,20.0,Female,4
sub90_AB,AB,BB,18,18,20.0,Female,0
sub90_AB,AB,EM,16,17,20.0,Female,1
sub91_AB,AB,BB,18,18,22.0,Female,0
sub91_AB,AB,EM,16,17,22.0,Female,1
sub92_AB,AB,BB,18,18,26.0,Male,0
sub92_AB,AB,EM,13,17,26.0,Male,4
sub93_AB,AB,BB,17,18,22.0,Female,1
sub93_AB,AB,EM,15,17,22.0,Female,2
sub94_AB,AB,BB,9,18,22.0,Male,9
sub94_AB,AB,EM,14,17,22.0,Male,3
sub95_AB,AB,BB,16,18,23.0,Male,2
sub95_AB,AB,EM,14,17,23.0,Male,3
sub96_AB,AB,BB,15,18,23.0,Male,3
sub96_AB,AB,EM,12,17,23.0,Male,5
sub97_AB,AB,BB,15,18,21.0,Male,3
sub97_AB,AB,EM,15,17,21.0,Male,2
sub98_AB,AB,BB,13,18,26.0,Male,5
sub98_AB,AB,EM,14,17,26.0,Male,3
sub99_AB,AB,BB,14,18,23.0,Male,4
sub99_AB,AB,EM,15,17,23.0,Male,2
